№;Организация;Контрагент;Номенклатура;Склад;Сумма_БО;Количество
1;"ТОВ ""ІНДЕПТ СТІЛ""";ІНДЕПТ СТІЛ ТОВ;Кухня;ІС МД ООН;5010,80;0
2;"ТОВ ""ІНДЕПТ СТІЛ""";ІНДАСТРIАЛБУД ТОВ;Плита ЛДСП  2800*2070*10;ІС Цех МД ПРООН;3480,00;0
3;"ТОВ ""ІНДЕПТ СТІЛ""";ІНДАСТРIАЛБУД ТОВ;Швелер 16П  S275JR,12 м;ІС Цех МД ПРООН;2940,16;0
4;"ТОВ ""ІНДЕПТ СТІЛ""";ІНДАСТРIАЛБУД ТОВ;Лінолеум;ІС Цех МД ПРООН;2385,43;0
5;"ТОВ ""ІНДЕПТ СТІЛ""";ІНДАСТРIАЛБУД ТОВ;Брус 50*50 мм ;ІС Цех МД ПРООН;1695,47;0
6;"ТОВ ""ІНДЕПТ СТІЛ""";ІНДАСТРIАЛБУД ТОВ;Круг відрізний по металу 230*2,0*22,23;ІС Цех МШП ПРООН;1161,61;0
7;"ТОВ ""ІНДЕПТ СТІЛ""";ІНДАСТРIАЛБУД ТОВ;Стіл нерозкладний 1180х750;ІС МД ООН;1048,00;0
8;"ТОВ ""ІНДЕПТ СТІЛ""";ІНДАСТРIАЛБУД ТОВ;Балка 24;ІС ЦЕХ Чорноморськ;652,92;0
9;"ТОВ ""ІНДЕПТ СТІЛ""";ІНДАСТРIАЛБУД ТОВ;"Труба 60х60х3 мм; ст. 1-3пс; 6 м";ІС Цех МД ПРООН;614,29;0
10;"ТОВ ""ІНДЕПТ СТІЛ""";ІНДАСТРIАЛБУД ТОВ;Біта РZ 2*50 мм;ІС Цех МШП ПРООН;548,80;0
11;"ТОВ ""ІНДЕПТ СТІЛ""";ІНДАСТРIАЛБУД ТОВ;Профіль сталевий листовий Н-57 RAL7024;ІС Цех МД ПРООН;481,37;0
12;"ТОВ ""ІНДЕПТ СТІЛ""";ІНДАСТРIАЛБУД ТОВ;Біта РН 2*50 мм ;ІС Цех МШП ПРООН;402,50;0
13;"ТОВ ""ІНДЕПТ СТІЛ""";ІНДАСТРIАЛБУД ТОВ;Свердло 6,0мм HSS TiN;ІС Цех МШП ПРООН;208,01;0
14;"ТОВ ""ІНДЕПТ СТІЛ""";ІНДАСТРIАЛБУД ТОВ;Свердло по металу 4,5мм ;ІС Цех МШП ПРООН;202,00;0
15;"ТОВ ""ІНДЕПТ СТІЛ""";ІНДАСТРIАЛБУД ТОВ;Гвинт -конфірмат 6,4х50;ІС Цех МД ПРООН;158,24;0
16;"ТОВ ""ІНДЕПТ СТІЛ""";ІНДАСТРIАЛБУД ТОВ;Блок аварійного живлення;ІС Цех МД ПРООН;108,48;0
17;"ТОВ ""ІНДЕПТ СТІЛ""";ІНДАСТРIАЛБУД ТОВ;Обігрівач керамічний  TC395 (бежевий) ;ІС МД ООН;96,81;0
18;"ТОВ ""ІНДЕПТ СТІЛ""";ІНДАСТРIАЛБУД ТОВ;Плита ЛДСП  2800*2070*16;ІС Цех МД ПРООН;94,55;0
19;"ТОВ ""ІНДЕПТ СТІЛ""";ІНДАСТРIАЛБУД ТОВ;Гіпсокартон 12,5  1,2х2,5 волгост  56шт/уп;ІС Цех МД ПРООН;79,69;0
20;"ТОВ ""ІНДЕПТ СТІЛ""";ІНДАСТРIАЛБУД ТОВ;Дзеркало коло в рамі 600мм;ІС МД ООН;78,10;0
21;"ТОВ ""ІНДЕПТ СТІЛ""";ІНДАСТРIАЛБУД ТОВ;"Шланг водяний 3/4""* 0,4 м ";ІС Цех МД ПРООН;66,67;0
22;"ТОВ ""ІНДЕПТ СТІЛ""";ІНДАСТРIАЛБУД ТОВ;Шпатель ;ІС Цех МШП ПРООН;64,71;0
23;"ТОВ ""ІНДЕПТ СТІЛ""";ІНДАСТРIАЛБУД ТОВ;Шафа 1000х400х2200;ІС МД ООН;53,67;0
24;"ТОВ ""ІНДЕПТ СТІЛ""";ІНДЕПТ СТІЛ ТОВ;ВВГнг 3х4 кабель;ІС МД ООН;52,26;0
25;"ТОВ ""ІНДЕПТ СТІЛ""";ІНДАСТРIАЛБУД ТОВ;"Шланг водяний 3/4""* 0,6 м ";ІС Цех МД ПРООН;33,30;0
26;"ТОВ ""ІНДЕПТ СТІЛ""";ІНДАСТРIАЛБУД ТОВ;Держак труби  метал. L 160 90 коричн;ІС МД ООН;28,05;0
27;"ТОВ ""ІНДЕПТ СТІЛ""";ІНДАСТРIАЛБУД ТОВ;Коліно каналізаційне 50х87;ІС Цех МД ПРООН;26,00;0
28;"ТОВ ""ІНДЕПТ СТІЛ""";ІНДАСТРIАЛБУД ТОВ;Стрічка малярна, 72мм*20м;ІС Цех МШП ПРООН;20,00;0
29;"ТОВ ""ІНДЕПТ СТІЛ""";ІНДЕПТ СТІЛ ТОВ;Сповіщувач пожежний димовий СПД-3,4;ІС МД ООН;0,23;0
30;"ТОВ ""ІНДЕПТ СТІЛ""";ІНДАСТРIАЛБУД ТОВ;Свердло по металу  4,0х75мм;ІС Цех МШП ПРООН;0,04;0
31;"ТОВ ""ІНДЕПТ СТІЛ""";ІНДАСТРIАЛБУД ТОВ;Плитка297х600х10;ІС Цех МД ПРООН;0,03;0
32;"ТОВ ""ІНДЕПТ СТІЛ""";ІНДАСТРIАЛБУД ТОВ;Мембрана ПВХ 1,5мм  ;ІС Цех МД ПРООН;-0,04;0
33;"ТОВ ""ІНДЕПТ СТІЛ""";ІНДАСТРIАЛБУД ТОВ;Сповіщувач пожежний димовий СПД-3,4;ІС МД ООН;-0,23;0
34;"ТОВ ""ІНДЕПТ СТІЛ""";ІНДАСТРIАЛБУД ТОВ;Круг пелюстковий 125х22,2 Р60 Т27 ;ІС Цех МШП ПРООН;-6,67;0
35;"ТОВ ""ІНДЕПТ СТІЛ""";ІНДАСТРIАЛБУД ТОВ;Леза 18 мм 10 шт, сталь;ІС Цех МШП ПРООН;-16,67;0
36;"ТОВ ""ІНДЕПТ СТІЛ""";ІНДАСТРIАЛБУД ТОВ;"Насадка торцева 6-гр.магнітна 1/4""  8х48 мм";ІС Цех МШП ПРООН;-20,00;0
37;"ТОВ ""ІНДЕПТ СТІЛ""";ІНДЕПТ СТІЛ ТОВ;Держак труби  метал. L 160 90 коричн;ІС МД ООН;-28,05;0
38;"ТОВ ""ІНДЕПТ СТІЛ""";ІНДАСТРIАЛБУД ТОВ;Рамка 1-постова;ІС Цех МД ПРООН;-46,39;0
39;"ТОВ ""ІНДЕПТ СТІЛ""";ІНДАСТРIАЛБУД ТОВ;Свердло  14х152 мм ;ІС Цех МШП ПРООН;-50,00;0
40;"ТОВ ""ІНДЕПТ СТІЛ""";ІНДАСТРIАЛБУД ТОВ;ВВГнг 3х4 кабель;ІС МД ООН;-52,26;0
41;"ТОВ ""ІНДЕПТ СТІЛ""";ІНДЕПТ СТІЛ ТОВ;Шафа 1000х400х2200;ІС МД ООН;-53,67;0
42;"ТОВ ""ІНДЕПТ СТІЛ""";ІНДАСТРIАЛБУД ТОВ;Коробка установча (гіпсокартон) 65*45 ІР30 внутр набірна;ІС Цех МД ПРООН;-54,75;0
43;"ТОВ ""ІНДЕПТ СТІЛ""";ІНДЕПТ СТІЛ ТОВ;Дзеркало коло в рамі 600мм;ІС МД ООН;-78,10;0
44;"ТОВ ""ІНДЕПТ СТІЛ""";ІНДАСТРIАЛБУД ТОВ;Свердло по металу 5,0 HSS Cobalt;ІС Цех МШП ПРООН;-96,67;0
45;"ТОВ ""ІНДЕПТ СТІЛ""";ІНДЕПТ СТІЛ ТОВ;Обігрівач керамічний  TC395 (бежевий) ;ІС МД ООН;-96,81;0
46;"ТОВ ""ІНДЕПТ СТІЛ""";ІНДАСТРIАЛБУД ТОВ;Труба гофрована 16мм;ІС Цех МД ПРООН;-104,35;0
47;"ТОВ ""ІНДЕПТ СТІЛ""";ІНДАСТРIАЛБУД ТОВ;Вимикач 2 кл білий;ІС Цех МД ПРООН;-122,14;0
48;"ТОВ ""ІНДЕПТ СТІЛ""";ІНДАСТРIАЛБУД ТОВ;Електроконвектор 220Вт;ІС Цех МД ПРООН;-127,50;0
49;"ТОВ ""ІНДЕПТ СТІЛ""";ІНДАСТРIАЛБУД ТОВ;Дошка 25х100;ІС Цех МД ПРООН;-136,47;0
50;"ТОВ ""ІНДЕПТ СТІЛ""";ІНДАСТРIАЛБУД ТОВ;Рукавиці , пар;ІС Цех МШП ПРООН;-145,01;0
51;"ТОВ ""ІНДЕПТ СТІЛ""";ІНДАСТРIАЛБУД ТОВ;Круг відрізний 125*1,6*22;ІС Цех МШП ПРООН;-199,75;0
52;"ТОВ ""ІНДЕПТ СТІЛ""";ІНДАСТРIАЛБУД ТОВ;Ніж 18мм ;ІС Цех МШП ПРООН;-305,84;0
53;"ТОВ ""ІНДЕПТ СТІЛ""";ІНДАСТРIАЛБУД ТОВ;"Маска зварювальна; автозатемнення";ІС Цех МШП ПРООН;-310,00;0
54;"ТОВ ""ІНДЕПТ СТІЛ""";ІНДАСТРIАЛБУД ТОВ;Рулетка  ;ІС Цех МШП ПРООН;-383,94;0
55;"ТОВ ""ІНДЕПТ СТІЛ""";ІНДАСТРIАЛБУД ТОВ;Вилка кабельна;ІС Цех МД ПРООН;-385,44;0
56;"ТОВ ""ІНДЕПТ СТІЛ""";ІНДАСТРIАЛБУД ТОВ;Клей-піна, 860 мл;ІС Цех МД ПРООН;-504,00;0
57;"ТОВ ""ІНДЕПТ СТІЛ""";ІНДАСТРIАЛБУД ТОВ;Розетка настінна ;ІС Цех МД ПРООН;-526,73;0
58;"ТОВ ""ІНДЕПТ СТІЛ""";ІНДАСТРIАЛБУД ТОВ;Рукавиці, пар. ;ІС Цех МШП ПРООН;-538,35;0
59;"ТОВ ""ІНДЕПТ СТІЛ""";ІНДАСТРIАЛБУД ТОВ;Змішувач для умивальника ;ІС Цех МД ПРООН;-634,67;0
60;"ТОВ ""ІНДЕПТ СТІЛ""";ІНДАСТРIАЛБУД ТОВ;Дріт зварювальний 1,2 мм, 15 кг;ІС Цех МШП ПРООН;-680,47;0
61;"ТОВ ""ІНДЕПТ СТІЛ""";ІНДЕПТ СТІЛ ТОВ;Стіл нерозкладний 1180х750;ІС МД ООН;-1048,00;0
62;"ТОВ ""ІНДЕПТ СТІЛ""";ІНДАСТРIАЛБУД ТОВ;"Рукавиці зварювальника ""Крага"" ";ІС Цех МШП ПРООН;-1097,16;0
63;"ТОВ ""ІНДЕПТ СТІЛ""";ІНДАСТРIАЛБУД ТОВ;ВВГнг 3х1,5 кабель;ІС Цех МД ПРООН;-1137,60;0
64;"ТОВ ""ІНДЕПТ СТІЛ""";ІНДАСТРIАЛБУД ТОВ;ВВГнг 3х2,5 кабель;ІС Цех МД ПРООН;-1219,45;0
65;"ТОВ ""ІНДЕПТ СТІЛ""";ІНДАСТРIАЛБУД ТОВ;Саморіз 4,8х35 ;ІС Цех МД ПРООН;-2011,12;0
66;"ТОВ ""ІНДЕПТ СТІЛ""";ІНДАСТРIАЛБУД ТОВ;Кухня;ІС МД ООН;-5010,80;0
67;"ТОВ ""ІНДЕПТ СТІЛ""";ІНДАСТРIАЛБУД ТОВ;Цементно-стружкова плита  3200*1250*20 мм;ІС Цех МД ПРООН;-5025,43;0

ИТОГО;;;;;-462,34;0
