Дата;Номер;Подразделение;Группа;СуммаExcel;СуммаРасчёт;Расхождение;Статус
2025-12-31;000000029;Астарта. Тищенки;Операционный доход;10526229.57;10526229.57;0.00;OK
2025-12-31;000000029;Астарта. Тищенки;Себестоимость проданой продукции (переменные производственные затраты);12393289.42;12393289.42;0.00;OK
2025-12-31;000000029;Астарта. Тищенки;Дополнительные  расходы;0.00;0.00;0.00;OK
2025-12-31;000000029;Астарта. Тищенки;Общепроизводственные затраты;35973.10;35973.10;0.00;OK
2025-12-31;000000029;Астарта. Тищенки;Маркетинговые затраты;0.00;0.00;0.00;OK
2025-12-31;000000029;Астарта. Тищенки;Административные затраты;202348.31;202348.31;0.00;OK
2025-12-31;000000029;Астарта. Тищенки;Налоги и сборы;0.00;0.00;0.00;OK
2025-12-31;000000029;Астарта. Тищенки;Финансовая деятельность;-132510.77;132510.77;-265021.54;РАСХОЖДЕНИЕ
2025-12-31;000000032;Глобино-2;Операционный доход;71955138.01;71955138.01;0.00;OK
2025-12-31;000000032;Глобино-2;Себестоимость проданой продукции (переменные производственные затраты);61244162.31;61244162.31;0.00;OK
2025-12-31;000000032;Глобино-2;Дополнительные  расходы;0.00;0.00;0.00;OK
2025-12-31;000000032;Глобино-2;Общепроизводственные затраты;12719.01;12719.01;0.00;OK
2025-12-31;000000032;Глобино-2;Маркетинговые затраты;0.00;0.00;0.00;OK
2025-12-31;000000032;Глобино-2;Административные затраты;946527.00;946527.00;0.00;OK
2025-12-31;000000032;Глобино-2;Налоги и сборы;0.00;0.00;0.00;OK
2025-12-31;000000032;Глобино-2;Финансовая деятельность;-677548.01;677548.01;-1355096.02;РАСХОЖДЕНИЕ
2025-12-31;000000034;Кернел Кухня;Операционный доход;0.00;0.00;0.00;OK
2025-12-31;000000034;Кернел Кухня;Себестоимость проданой продукции (переменные производственные затраты);241970.07;241970.07;0.00;OK
2025-12-31;000000034;Кернел Кухня;Дополнительные  расходы;0.00;0.00;0.00;OK
2025-12-31;000000034;Кернел Кухня;Общепроизводственные затраты;0.00;0.00;0.00;OK
2025-12-31;000000034;Кернел Кухня;Маркетинговые затраты;0.00;0.00;0.00;OK
2025-12-31;000000034;Кернел Кухня;Административные затраты;0.00;0.00;0.00;OK
2025-12-31;000000034;Кернел Кухня;Налоги и сборы;0.00;0.00;0.00;OK
2025-12-31;000000034;Кернел Кухня;Финансовая деятельность;-32410.83;32410.83;-64821.66;РАСХОЖДЕНИЕ
2025-12-31;000000030;КМД-2;Операционный доход;1816309.26;1816309.26;0.00;OK
2025-12-31;000000030;КМД-2;Себестоимость проданой продукции (переменные производственные затраты);2070208.89;2070208.89;0.00;OK
2025-12-31;000000030;КМД-2;Дополнительные  расходы;0.00;0.00;0.00;OK
2025-12-31;000000030;КМД-2;Общепроизводственные затраты;1697.34;1697.34;0.00;OK
2025-12-31;000000030;КМД-2;Маркетинговые затраты;0.00;0.00;0.00;OK
2025-12-31;000000030;КМД-2;Административные затраты;107015.47;107015.47;0.00;OK
2025-12-31;000000030;КМД-2;Налоги и сборы;0.00;0.00;0.00;OK
2025-12-31;000000030;КМД-2;Финансовая деятельность;-18821.11;18821.11;-37642.22;РАСХОЖДЕНИЕ
2025-12-31;000000036;КПП Червоний хрест;Операционный доход;0.00;0.00;0.00;OK
2025-12-31;000000036;КПП Червоний хрест;Себестоимость проданой продукции (переменные производственные затраты);3137.09;3137.09;0.00;OK
2025-12-31;000000036;КПП Червоний хрест;Дополнительные  расходы;0.00;0.00;0.00;OK
2025-12-31;000000036;КПП Червоний хрест;Общепроизводственные затраты;0.00;0.00;0.00;OK
2025-12-31;000000036;КПП Червоний хрест;Маркетинговые затраты;0.00;0.00;0.00;OK
2025-12-31;000000036;КПП Червоний хрест;Административные затраты;0.00;0.00;0.00;OK
2025-12-31;000000036;КПП Червоний хрест;Налоги и сборы;0.00;0.00;0.00;OK
2025-12-31;000000036;КПП Червоний хрест;Финансовая деятельность;-538.91;538.91;-1077.82;РАСХОЖДЕНИЕ
2025-12-31;000000025;Крушинка;Операционный доход;65730.59;65730.59;0.00;OK
2025-12-31;000000025;Крушинка;Себестоимость проданой продукции (переменные производственные затраты);41981.26;41981.26;0.00;OK
2025-12-31;000000025;Крушинка;Дополнительные  расходы;0.00;0.00;0.00;OK
2025-12-31;000000025;Крушинка;Общепроизводственные затраты;0.00;0.00;0.00;OK
2025-12-31;000000025;Крушинка;Маркетинговые затраты;0.00;0.00;0.00;OK
2025-12-31;000000025;Крушинка;Административные затраты;0.00;0.00;0.00;OK
2025-12-31;000000025;Крушинка;Налоги и сборы;0.00;0.00;0.00;OK
2025-12-31;000000025;Крушинка;Финансовая деятельность;0.00;0.00;0.00;OK
2025-12-31;000000060;Логистика;Операционный доход;3933649.71;3933649.71;0.00;OK
2025-12-31;000000060;Логистика;Себестоимость проданой продукции (переменные производственные затраты);2827341.52;2827341.52;0.00;OK
2025-12-31;000000060;Логистика;Дополнительные  расходы;0.00;0.00;0.00;OK
2025-12-31;000000060;Логистика;Общепроизводственные затраты;1123.00;1123.00;0.00;OK
2025-12-31;000000060;Логистика;Маркетинговые затраты;0.00;0.00;0.00;OK
2025-12-31;000000060;Логистика;Административные затраты;278614.99;278614.99;0.00;OK
2025-12-31;000000060;Логистика;Налоги и сборы;0.00;0.00;0.00;OK
2025-12-31;000000060;Логистика;Финансовая деятельность;-87705.11;99189.27;-186894.38;РАСХОЖДЕНИЕ
2025-12-31;000000033;МК Бориспільска;Операционный доход;3350396.14;3350396.14;0.00;OK
2025-12-31;000000033;МК Бориспільска;Себестоимость проданой продукции (переменные производственные затраты);2570036.33;2570036.33;0.00;OK
2025-12-31;000000033;МК Бориспільска;Дополнительные  расходы;0.00;0.00;0.00;OK
2025-12-31;000000033;МК Бориспільска;Общепроизводственные затраты;0.00;0.00;0.00;OK
2025-12-31;000000033;МК Бориспільска;Маркетинговые затраты;0.00;0.00;0.00;OK
2025-12-31;000000033;МК Бориспільска;Административные затраты;229400.00;229400.00;0.00;OK
2025-12-31;000000033;МК Бориспільска;Налоги и сборы;0.00;0.00;0.00;OK
2025-12-31;000000033;МК Бориспільска;Финансовая деятельность;-52482.03;52482.03;-104964.06;РАСХОЖДЕНИЕ
2025-12-31;000000028;МХП Катеринополь;Операционный доход;546862.84;546862.84;0.00;OK
2025-12-31;000000028;МХП Катеринополь;Себестоимость проданой продукции (переменные производственные затраты);1604457.73;1604457.73;0.00;OK
2025-12-31;000000028;МХП Катеринополь;Дополнительные  расходы;0.00;0.00;0.00;OK
2025-12-31;000000028;МХП Катеринополь;Общепроизводственные затраты;539.95;539.95;0.00;OK
2025-12-31;000000028;МХП Катеринополь;Маркетинговые затраты;0.00;0.00;0.00;OK
2025-12-31;000000028;МХП Катеринополь;Административные затраты;0.00;0.00;0.00;OK
2025-12-31;000000028;МХП Катеринополь;Налоги и сборы;0.00;0.00;0.00;OK
2025-12-31;000000028;МХП Катеринополь;Финансовая деятельность;-29978.43;29978.43;-59956.86;РАСХОЖДЕНИЕ
2025-12-31;000000031;Нежин 4;Операционный доход;26445.00;26445.00;0.00;OK
2025-12-31;000000031;Нежин 4;Себестоимость проданой продукции (переменные производственные затраты);29383.42;29383.41;0.01;РАСХОЖДЕНИЕ
2025-12-31;000000031;Нежин 4;Дополнительные  расходы;0.00;0.00;0.00;OK
2025-12-31;000000031;Нежин 4;Общепроизводственные затраты;45.00;45.00;0.00;OK
2025-12-31;000000031;Нежин 4;Маркетинговые затраты;0.00;0.00;0.00;OK
2025-12-31;000000031;Нежин 4;Административные затраты;70002.73;70002.73;0.00;OK
2025-12-31;000000031;Нежин 4;Налоги и сборы;0.00;0.00;0.00;OK
2025-12-31;000000031;Нежин 4;Финансовая деятельность;-10727.58;10727.58;-21455.16;РАСХОЖДЕНИЕ
2025-12-31;000000027;Ретал.ГПУ;Операционный доход;0.00;0.00;0.00;OK
2025-12-31;000000027;Ретал.ГПУ;Себестоимость проданой продукции (переменные производственные затраты);48516.49;48516.49;0.00;OK
2025-12-31;000000027;Ретал.ГПУ;Дополнительные  расходы;0.00;0.00;0.00;OK
2025-12-31;000000027;Ретал.ГПУ;Общепроизводственные затраты;0.00;0.00;0.00;OK
2025-12-31;000000027;Ретал.ГПУ;Маркетинговые затраты;0.00;0.00;0.00;OK
2025-12-31;000000027;Ретал.ГПУ;Административные затраты;0.00;0.00;0.00;OK
2025-12-31;000000027;Ретал.ГПУ;Налоги и сборы;0.00;0.00;0.00;OK
2025-12-31;000000027;Ретал.ГПУ;Финансовая деятельность;-383.11;383.11;-766.22;РАСХОЖДЕНИЕ
2025-12-31;000000035;Укрнафта 1 Модуль;Операционный доход;0.00;0.00;0.00;OK
2025-12-31;000000035;Укрнафта 1 Модуль;Себестоимость проданой продукции (переменные производственные затраты);54022.72;54022.72;0.00;OK
2025-12-31;000000035;Укрнафта 1 Модуль;Дополнительные  расходы;0.00;0.00;0.00;OK
2025-12-31;000000035;Укрнафта 1 Модуль;Общепроизводственные затраты;0.00;0.00;0.00;OK
2025-12-31;000000035;Укрнафта 1 Модуль;Маркетинговые затраты;0.00;0.00;0.00;OK
2025-12-31;000000035;Укрнафта 1 Модуль;Административные затраты;0.00;0.00;0.00;OK
2025-12-31;000000035;Укрнафта 1 Модуль;Налоги и сборы;0.00;0.00;0.00;OK
2025-12-31;000000035;Укрнафта 1 Модуль;Финансовая деятельность;-7160.95;7160.95;-14321.90;РАСХОЖДЕНИЕ
2026-01-31;000000040;Астарта. Тищенки;Операционный доход;1751190.96;1751190.96;0.00;OK
2026-01-31;000000040;Астарта. Тищенки;Себестоимость проданой продукции (переменные производственные затраты);2329249.38;2329249.38;0.00;OK
2026-01-31;000000040;Астарта. Тищенки;Дополнительные  расходы;0.00;0.00;0.00;OK
2026-01-31;000000040;Астарта. Тищенки;Общепроизводственные затраты;4553.70;4553.70;0.00;OK
2026-01-31;000000040;Астарта. Тищенки;Маркетинговые затраты;0.00;0.00;0.00;OK
2026-01-31;000000040;Астарта. Тищенки;Административные затраты;193841.58;193841.58;0.00;OK
2026-01-31;000000040;Астарта. Тищенки;Налоги и сборы;0.00;0.00;0.00;OK
2026-01-31;000000040;Астарта. Тищенки;Финансовая деятельность;-95048.94;95048.94;-190097.88;РАСХОЖДЕНИЕ
2026-01-31;000000044;Глобино-2;Операционный доход;52674592.14;52674592.14;0.00;OK
2026-01-31;000000044;Глобино-2;Себестоимость проданой продукции (переменные производственные затраты);36621187.62;36621187.62;0.00;OK
2026-01-31;000000044;Глобино-2;Дополнительные  расходы;0.00;0.00;0.00;OK
2026-01-31;000000044;Глобино-2;Общепроизводственные затраты;4208.78;4208.78;0.00;OK
2026-01-31;000000044;Глобино-2;Маркетинговые затраты;0.00;0.00;0.00;OK
2026-01-31;000000044;Глобино-2;Административные затраты;543084.58;543084.58;0.00;OK
2026-01-31;000000044;Глобино-2;Налоги и сборы;0.00;0.00;0.00;OK
2026-01-31;000000044;Глобино-2;Финансовая деятельность;-594591.51;594591.51;-1189183.02;РАСХОЖДЕНИЕ
2026-01-31;000000045;Кернел Кухня;Операционный доход;0.00;0.00;0.00;OK
2026-01-31;000000045;Кернел Кухня;Себестоимость проданой продукции (переменные производственные затраты);97200.00;97200.00;0.00;OK
2026-01-31;000000045;Кернел Кухня;Дополнительные  расходы;0.00;0.00;0.00;OK
2026-01-31;000000045;Кернел Кухня;Общепроизводственные затраты;0.00;0.00;0.00;OK
2026-01-31;000000045;Кернел Кухня;Маркетинговые затраты;0.00;0.00;0.00;OK
2026-01-31;000000045;Кернел Кухня;Административные затраты;0.00;0.00;0.00;OK
2026-01-31;000000045;Кернел Кухня;Налоги и сборы;0.00;0.00;0.00;OK
2026-01-31;000000045;Кернел Кухня;Финансовая деятельность;-11460.68;11460.68;-22921.36;РАСХОЖДЕНИЕ
2026-01-31;000000042;КМД-2;Операционный доход;0.00;0.00;0.00;OK
2026-01-31;000000042;КМД-2;Себестоимость проданой продукции (переменные производственные затраты);13406.26;13406.26;0.00;OK
2026-01-31;000000042;КМД-2;Дополнительные  расходы;0.00;0.00;0.00;OK
2026-01-31;000000042;КМД-2;Общепроизводственные затраты;659.64;659.64;0.00;OK
2026-01-31;000000042;КМД-2;Маркетинговые затраты;0.00;0.00;0.00;OK
2026-01-31;000000042;КМД-2;Административные затраты;0.00;0.00;0.00;OK
2026-01-31;000000042;КМД-2;Налоги и сборы;0.00;0.00;0.00;OK
2026-01-31;000000042;КМД-2;Финансовая деятельность;-1075.60;1075.60;-2151.20;РАСХОЖДЕНИЕ
2026-01-31;000000047;КПП Червоний хрест;Операционный доход;0.00;0.00;0.00;OK
2026-01-31;000000047;КПП Червоний хрест;Себестоимость проданой продукции (переменные производственные затраты);88253.19;88253.19;0.00;OK
2026-01-31;000000047;КПП Червоний хрест;Дополнительные  расходы;0.00;0.00;0.00;OK
2026-01-31;000000047;КПП Червоний хрест;Общепроизводственные затраты;0.00;0.00;0.00;OK
2026-01-31;000000047;КПП Червоний хрест;Маркетинговые затраты;0.00;0.00;0.00;OK
2026-01-31;000000047;КПП Червоний хрест;Административные затраты;0.00;0.00;0.00;OK
2026-01-31;000000047;КПП Червоний хрест;Налоги и сборы;0.00;0.00;0.00;OK
2026-01-31;000000047;КПП Червоний хрест;Финансовая деятельность;-5310.20;5310.20;-10620.40;РАСХОЖДЕНИЕ
2026-01-31;000000037;Крушинка;Операционный доход;0.00;0.00;0.00;OK
2026-01-31;000000037;Крушинка;Себестоимость проданой продукции (переменные производственные затраты);0.00;0.00;0.00;OK
2026-01-31;000000037;Крушинка;Дополнительные  расходы;0.00;0.00;0.00;OK
2026-01-31;000000037;Крушинка;Общепроизводственные затраты;0.00;0.00;0.00;OK
2026-01-31;000000037;Крушинка;Маркетинговые затраты;0.00;0.00;0.00;OK
2026-01-31;000000037;Крушинка;Административные затраты;0.00;0.00;0.00;OK
2026-01-31;000000037;Крушинка;Налоги и сборы;0.00;0.00;0.00;OK
2026-01-31;000000037;Крушинка;Финансовая деятельность;0.00;0.00;0.00;OK
2026-01-31;000000061;Логистика;Операционный доход;1356209.39;1356209.39;0.00;OK
2026-01-31;000000061;Логистика;Себестоимость проданой продукции (переменные производственные затраты);1833871.65;1833871.65;0.00;OK
2026-01-31;000000061;Логистика;Дополнительные  расходы;0.00;0.00;0.00;OK
2026-01-31;000000061;Логистика;Общепроизводственные затраты;1123.00;1123.00;0.00;OK
2026-01-31;000000061;Логистика;Маркетинговые затраты;0.00;0.00;0.00;OK
2026-01-31;000000061;Логистика;Административные затраты;168071.99;168071.99;0.00;OK
2026-01-31;000000061;Логистика;Налоги и сборы;0.00;0.00;0.00;OK
2026-01-31;000000061;Логистика;Финансовая деятельность;-38830.55;47620.55;-86451.10;РАСХОЖДЕНИЕ
2026-01-31;000000039;МХП Катеринополь;Операционный доход;0.00;0.00;0.00;OK
2026-01-31;000000039;МХП Катеринополь;Себестоимость проданой продукции (переменные производственные затраты);114815.10;114815.10;0.00;OK
2026-01-31;000000039;МХП Катеринополь;Дополнительные  расходы;0.00;0.00;0.00;OK
2026-01-31;000000039;МХП Катеринополь;Общепроизводственные затраты;414.80;414.80;0.00;OK
2026-01-31;000000039;МХП Катеринополь;Маркетинговые затраты;0.00;0.00;0.00;OK
2026-01-31;000000039;МХП Катеринополь;Административные затраты;928.00;928.00;0.00;OK
2026-01-31;000000039;МХП Катеринополь;Налоги и сборы;0.00;0.00;0.00;OK
2026-01-31;000000039;МХП Катеринополь;Финансовая деятельность;-5203.07;5203.07;-10406.14;РАСХОЖДЕНИЕ
2026-01-31;000000043;Нежин 4;Операционный доход;8156.08;8156.08;0.00;OK
2026-01-31;000000043;Нежин 4;Себестоимость проданой продукции (переменные производственные затраты);8156.08;8156.08;0.00;OK
2026-01-31;000000043;Нежин 4;Дополнительные  расходы;0.00;0.00;0.00;OK
2026-01-31;000000043;Нежин 4;Общепроизводственные затраты;0.00;0.00;0.00;OK
2026-01-31;000000043;Нежин 4;Маркетинговые затраты;0.00;0.00;0.00;OK
2026-01-31;000000043;Нежин 4;Административные затраты;0.00;0.00;0.00;OK
2026-01-31;000000043;Нежин 4;Налоги и сборы;0.00;0.00;0.00;OK
2026-01-31;000000043;Нежин 4;Финансовая деятельность;0.00;0.00;0.00;OK
2026-01-31;000000038;Ретал.ГПУ;Операционный доход;0.00;0.00;0.00;OK
2026-01-31;000000038;Ретал.ГПУ;Себестоимость проданой продукции (переменные производственные затраты);0.00;0.00;0.00;OK
2026-01-31;000000038;Ретал.ГПУ;Дополнительные  расходы;0.00;0.00;0.00;OK
2026-01-31;000000038;Ретал.ГПУ;Общепроизводственные затраты;0.00;0.00;0.00;OK
2026-01-31;000000038;Ретал.ГПУ;Маркетинговые затраты;0.00;0.00;0.00;OK
2026-01-31;000000038;Ретал.ГПУ;Административные затраты;0.00;0.00;0.00;OK
2026-01-31;000000038;Ретал.ГПУ;Налоги и сборы;0.00;0.00;0.00;OK
2026-01-31;000000038;Ретал.ГПУ;Финансовая деятельность;0.00;0.00;0.00;OK
2026-01-31;000000046;Укрнафта 1 Модуль;Операционный доход;0.00;0.00;0.00;OK
2026-01-31;000000046;Укрнафта 1 Модуль;Себестоимость проданой продукции (переменные производственные затраты);25292.20;25292.20;0.00;OK
2026-01-31;000000046;Укрнафта 1 Модуль;Дополнительные  расходы;0.00;0.00;0.00;OK
2026-01-31;000000046;Укрнафта 1 Модуль;Общепроизводственные затраты;0.00;0.00;0.00;OK
2026-01-31;000000046;Укрнафта 1 Модуль;Маркетинговые затраты;0.00;0.00;0.00;OK
2026-01-31;000000046;Укрнафта 1 Модуль;Административные затраты;0.00;0.00;0.00;OK
2026-01-31;000000046;Укрнафта 1 Модуль;Налоги и сборы;0.00;0.00;0.00;OK
2026-01-31;000000046;Укрнафта 1 Модуль;Финансовая деятельность;-1531.30;1531.30;-3062.60;РАСХОЖДЕНИЕ
2026-01-31;000000041;Чорноморськ;Операционный доход;0.00;0.00;0.00;OK
2026-01-31;000000041;Чорноморськ;Себестоимость проданой продукции (переменные производственные затраты);178405.38;178405.38;0.00;OK
2026-01-31;000000041;Чорноморськ;Дополнительные  расходы;10197.00;10197.00;0.00;OK
2026-01-31;000000041;Чорноморськ;Общепроизводственные затраты;0.00;0.00;0.00;OK
2026-01-31;000000041;Чорноморськ;Маркетинговые затраты;0.00;0.00;0.00;OK
2026-01-31;000000041;Чорноморськ;Административные затраты;0.00;0.00;0.00;OK
2026-01-31;000000041;Чорноморськ;Налоги и сборы;0.00;0.00;0.00;OK
2026-01-31;000000041;Чорноморськ;Финансовая деятельность;-517.69;517.69;-1035.38;РАСХОЖДЕНИЕ
2026-02-28;000000051;Астарта. Тищенки;Операционный доход;8111671.05;8111671.05;0.00;OK
2026-02-28;000000051;Астарта. Тищенки;Себестоимость проданой продукции (переменные производственные затраты);6380393.56;6380393.56;0.00;OK
2026-02-28;000000051;Астарта. Тищенки;Дополнительные  расходы;0.00;0.00;0.00;OK
2026-02-28;000000051;Астарта. Тищенки;Общепроизводственные затраты;30835.80;30835.80;0.00;OK
2026-02-28;000000051;Астарта. Тищенки;Маркетинговые затраты;0.00;0.00;0.00;OK
2026-02-28;000000051;Астарта. Тищенки;Административные затраты;0.06;0.06;0.00;OK
2026-02-28;000000051;Астарта. Тищенки;Налоги и сборы;0.00;0.00;0.00;OK
2026-02-28;000000051;Астарта. Тищенки;Финансовая деятельность;-77533.96;77533.96;-155067.92;РАСХОЖДЕНИЕ
2026-02-28;000000055;Глобино-2;Операционный доход;38432968.66;38432968.66;0.00;OK
2026-02-28;000000055;Глобино-2;Себестоимость проданой продукции (переменные производственные затраты);31692711.77;31692711.77;0.00;OK
2026-02-28;000000055;Глобино-2;Дополнительные  расходы;151625.24;151625.24;0.00;OK
2026-02-28;000000055;Глобино-2;Общепроизводственные затраты;11044.08;11044.08;0.00;OK
2026-02-28;000000055;Глобино-2;Маркетинговые затраты;0.00;0.00;0.00;OK
2026-02-28;000000055;Глобино-2;Административные затраты;602048.05;602048.05;0.00;OK
2026-02-28;000000055;Глобино-2;Налоги и сборы;0.00;0.00;0.00;OK
2026-02-28;000000055;Глобино-2;Финансовая деятельность;-545813.48;545813.48;-1091626.96;РАСХОЖДЕНИЕ
2026-02-28;000000056;Кернел Кухня;Операционный доход;0.00;0.00;0.00;OK
2026-02-28;000000056;Кернел Кухня;Себестоимость проданой продукции (переменные производственные затраты);37500.00;37500.00;0.00;OK
2026-02-28;000000056;Кернел Кухня;Дополнительные  расходы;0.00;0.00;0.00;OK
2026-02-28;000000056;Кернел Кухня;Общепроизводственные затраты;0.00;0.00;0.00;OK
2026-02-28;000000056;Кернел Кухня;Маркетинговые затраты;0.00;0.00;0.00;OK
2026-02-28;000000056;Кернел Кухня;Административные затраты;0.00;0.00;0.00;OK
2026-02-28;000000056;Кернел Кухня;Налоги и сборы;0.00;0.00;0.00;OK
2026-02-28;000000056;Кернел Кухня;Финансовая деятельность;0.00;0.00;0.00;OK
2026-02-28;000000053;КМД-2;Операционный доход;15076.00;15076.00;0.00;OK
2026-02-28;000000053;КМД-2;Себестоимость проданой продукции (переменные производственные затраты);21176.00;21176.00;0.00;OK
2026-02-28;000000053;КМД-2;Дополнительные  расходы;0.00;0.00;0.00;OK
2026-02-28;000000053;КМД-2;Общепроизводственные затраты;0.00;0.00;0.00;OK
2026-02-28;000000053;КМД-2;Маркетинговые затраты;0.00;0.00;0.00;OK
2026-02-28;000000053;КМД-2;Административные затраты;0.00;0.00;0.00;OK
2026-02-28;000000053;КМД-2;Налоги и сборы;0.00;0.00;0.00;OK
2026-02-28;000000053;КМД-2;Финансовая деятельность;-1014.90;1014.90;-2029.80;РАСХОЖДЕНИЕ
2026-02-28;000000058;КПП Червоний хрест;Операционный доход;1849744.00;1849744.00;0.00;OK
2026-02-28;000000058;КПП Червоний хрест;Себестоимость проданой продукции (переменные производственные затраты);1207995.63;1207995.62;0.01;РАСХОЖДЕНИЕ
2026-02-28;000000058;КПП Червоний хрест;Дополнительные  расходы;0.00;0.00;0.00;OK
2026-02-28;000000058;КПП Червоний хрест;Общепроизводственные затраты;0.00;0.00;0.00;OK
2026-02-28;000000058;КПП Червоний хрест;Маркетинговые затраты;0.00;0.00;0.00;OK
2026-02-28;000000058;КПП Червоний хрест;Административные затраты;0.00;0.00;0.00;OK
2026-02-28;000000058;КПП Червоний хрест;Налоги и сборы;0.00;0.00;0.00;OK
2026-02-28;000000058;КПП Червоний хрест;Финансовая деятельность;-18356.77;18356.77;-36713.54;РАСХОЖДЕНИЕ
2026-02-28;000000048;Крушинка;Операционный доход;0.00;0.00;0.00;OK
2026-02-28;000000048;Крушинка;Себестоимость проданой продукции (переменные производственные затраты);0.00;0.00;0.00;OK
2026-02-28;000000048;Крушинка;Дополнительные  расходы;0.00;0.00;0.00;OK
2026-02-28;000000048;Крушинка;Общепроизводственные затраты;0.00;0.00;0.00;OK
2026-02-28;000000048;Крушинка;Маркетинговые затраты;0.00;0.00;0.00;OK
2026-02-28;000000048;Крушинка;Административные затраты;0.00;0.00;0.00;OK
2026-02-28;000000048;Крушинка;Налоги и сборы;0.00;0.00;0.00;OK
2026-02-28;000000048;Крушинка;Финансовая деятельность;0.00;0.00;0.00;OK
2026-02-28;000000062;Логистика;Операционный доход;1193247.00;1193247.00;0.00;OK
2026-02-28;000000062;Логистика;Себестоимость проданой продукции (переменные производственные затраты);1385155.55;1385155.55;0.00;OK
2026-02-28;000000062;Логистика;Дополнительные  расходы;0.00;0.00;0.00;OK
2026-02-28;000000062;Логистика;Общепроизводственные затраты;1123.00;1123.00;0.00;OK
2026-02-28;000000062;Логистика;Маркетинговые затраты;0.00;0.00;0.00;OK
2026-02-28;000000062;Логистика;Административные затраты;188579.99;188579.99;0.00;OK
2026-02-28;000000062;Логистика;Налоги и сборы;0.00;0.00;0.00;OK
2026-02-28;000000062;Логистика;Финансовая деятельность;-50549.14;50549.14;-101098.28;РАСХОЖДЕНИЕ
2026-02-28;000000059;МД ПРООН Черкаси  ДСНС;Операционный доход;0.00;0.00;0.00;OK
2026-02-28;000000059;МД ПРООН Черкаси  ДСНС;Себестоимость проданой продукции (переменные производственные затраты);58983.00;58983.00;0.00;OK
2026-02-28;000000059;МД ПРООН Черкаси  ДСНС;Дополнительные  расходы;0.00;0.00;0.00;OK
2026-02-28;000000059;МД ПРООН Черкаси  ДСНС;Общепроизводственные затраты;0.00;0.00;0.00;OK
2026-02-28;000000059;МД ПРООН Черкаси  ДСНС;Маркетинговые затраты;0.00;0.00;0.00;OK
2026-02-28;000000059;МД ПРООН Черкаси  ДСНС;Административные затраты;0.00;0.00;0.00;OK
2026-02-28;000000059;МД ПРООН Черкаси  ДСНС;Налоги и сборы;0.00;0.00;0.00;OK
2026-02-28;000000059;МД ПРООН Черкаси  ДСНС;Финансовая деятельность;0.00;0.00;0.00;OK
2026-02-28;000000050;МХП Катеринополь;Операционный доход;541754.12;541754.12;0.00;OK
2026-02-28;000000050;МХП Катеринополь;Себестоимость проданой продукции (переменные производственные затраты);520341.82;520341.82;0.00;OK
2026-02-28;000000050;МХП Катеринополь;Дополнительные  расходы;0.00;0.00;0.00;OK
2026-02-28;000000050;МХП Катеринополь;Общепроизводственные затраты;0.00;0.00;0.00;OK
2026-02-28;000000050;МХП Катеринополь;Маркетинговые затраты;0.00;0.00;0.00;OK
2026-02-28;000000050;МХП Катеринополь;Административные затраты;928.00;928.00;0.00;OK
2026-02-28;000000050;МХП Катеринополь;Налоги и сборы;0.00;0.00;0.00;OK
2026-02-28;000000050;МХП Катеринополь;Финансовая деятельность;-2650.05;2650.05;-5300.10;РАСХОЖДЕНИЕ
2026-02-28;000000054;Нежин 4;Операционный доход;0.00;0.00;0.00;OK
2026-02-28;000000054;Нежин 4;Себестоимость проданой продукции (переменные производственные затраты);1772.40;1772.40;0.00;OK
2026-02-28;000000054;Нежин 4;Дополнительные  расходы;0.00;0.00;0.00;OK
2026-02-28;000000054;Нежин 4;Общепроизводственные затраты;0.00;0.00;0.00;OK
2026-02-28;000000054;Нежин 4;Маркетинговые затраты;0.00;0.00;0.00;OK
2026-02-28;000000054;Нежин 4;Административные затраты;0.00;0.00;0.00;OK
2026-02-28;000000054;Нежин 4;Налоги и сборы;0.00;0.00;0.00;OK
2026-02-28;000000054;Нежин 4;Финансовая деятельность;0.00;0.00;0.00;OK
2026-02-28;000000049;Ретал.ГПУ;Операционный доход;0.00;0.00;0.00;OK
2026-02-28;000000049;Ретал.ГПУ;Себестоимость проданой продукции (переменные производственные затраты);0.00;0.00;0.00;OK
2026-02-28;000000049;Ретал.ГПУ;Дополнительные  расходы;0.00;0.00;0.00;OK
2026-02-28;000000049;Ретал.ГПУ;Общепроизводственные затраты;0.00;0.00;0.00;OK
2026-02-28;000000049;Ретал.ГПУ;Маркетинговые затраты;0.00;0.00;0.00;OK
2026-02-28;000000049;Ретал.ГПУ;Административные затраты;0.00;0.00;0.00;OK
2026-02-28;000000049;Ретал.ГПУ;Налоги и сборы;0.00;0.00;0.00;OK
2026-02-28;000000049;Ретал.ГПУ;Финансовая деятельность;0.00;0.00;0.00;OK
2026-02-28;000000057;Укрнафта 1 Модуль;Операционный доход;942000.00;942000.00;0.00;OK
2026-02-28;000000057;Укрнафта 1 Модуль;Себестоимость проданой продукции (переменные производственные затраты);778502.98;778502.98;0.00;OK
2026-02-28;000000057;Укрнафта 1 Модуль;Дополнительные  расходы;0.00;0.00;0.00;OK
2026-02-28;000000057;Укрнафта 1 Модуль;Общепроизводственные затраты;0.00;0.00;0.00;OK
2026-02-28;000000057;Укрнафта 1 Модуль;Маркетинговые затраты;0.00;0.00;0.00;OK
2026-02-28;000000057;Укрнафта 1 Модуль;Административные затраты;0.00;0.00;0.00;OK
2026-02-28;000000057;Укрнафта 1 Модуль;Налоги и сборы;0.00;0.00;0.00;OK
2026-02-28;000000057;Укрнафта 1 Модуль;Финансовая деятельность;-14378.97;14378.97;-28757.94;РАСХОЖДЕНИЕ
2026-02-28;000000052;Чорноморськ;Операционный доход;0.00;0.00;0.00;OK
2026-02-28;000000052;Чорноморськ;Себестоимость проданой продукции (переменные производственные затраты);855746.42;855746.42;0.00;OK
2026-02-28;000000052;Чорноморськ;Дополнительные  расходы;16528.00;16528.00;0.00;OK
2026-02-28;000000052;Чорноморськ;Общепроизводственные затраты;1306.59;1306.59;0.00;OK
2026-02-28;000000052;Чорноморськ;Маркетинговые затраты;0.00;0.00;0.00;OK
2026-02-28;000000052;Чорноморськ;Административные затраты;271384.38;271384.38;0.00;OK
2026-02-28;000000052;Чорноморськ;Налоги и сборы;0.00;0.00;0.00;OK
2026-02-28;000000052;Чорноморськ;Финансовая деятельность;-33609.42;33609.42;-67218.84;РАСХОЖДЕНИЕ
